Media,Brand,URL,SKU,Product Name
Reddit,Ryobi,https://www.reddit.com/r/ryobi/comments/1s7tgpx/if_i_have_ryobi_18v_power_tools_does_it_make/,RYI6522,"Ryobi 40V 550 CFM Blower, Bare Tool"
Reddit,Ryobi,https://www.reddit.com/r/ryobi/comments/1qnmzkw/is_the_ryobi_2stage_worth_it_compared_to_a/,RYI6522,"Ryobi 40V 550 CFM Blower, Bare Tool"
Reddit,Ryobi,https://www.reddit.com/r/ryobi/comments/1s7b3kv/looking_to_get_the_ryobi_40v_leaf_blower_but/,RYI6522,"Ryobi 40V 550 CFM Blower, Bare Tool"
Reddit,Ryobi,https://www.reddit.com/r/ryobi/comments/1l8yuxd/worst_tool_purchase_so_far_ryobi_inflator/,RYI6522,"Ryobi 40V 550 CFM Blower, Bare Tool"
Reddit,Ryobi,https://www.reddit.com/r/ryobi/comments/1qj06u7/where_are_you_ryobi_the_champion_tool_brand_of/,RYI6522,"Ryobi 40V 550 CFM Blower, Bare Tool"
Reddit,Ryobi,https://www.reddit.com/r/Tools/comments/1djh3e5/rigid_brad_nailer_kit_or_ryobiii_cordless_one/,P322K1N,18V ONE+ HP BRUSHLESS AIRSTRIKE 18GA BRAD NAILER KIT
Reddit,Ryobi,https://www.reddit.com/r/Tools/comments/1rdn9bh/is_the_milwaukee_tool_millwaukee_m12_12v_2pc/,P322K1N,18V ONE+ HP BRUSHLESS AIRSTRIKE 18GA BRAD NAILER KIT
Reddit,Ryobi,https://www.reddit.com/r/ryobi/comments/1rvcr5q/deal_ryobi_one_18v_cordless_3tool_campers_kit/,P322K1N,18V ONE+ HP BRUSHLESS AIRSTRIKE 18GA BRAD NAILER KIT
Reddit,Ryobi,https://www.reddit.com/r/ryobi/comments/1ohmfik/uses_for_ryobi_18v_one_battery_adapter_converter/,P322K1N,18V ONE+ HP BRUSHLESS AIRSTRIKE 18GA BRAD NAILER KIT
Reddit,Ryobi,https://www.reddit.com/r/SlickDeals/comments/1sfyrvu/9tool_ryobi_one_18v_cordless_combo_kit_w_15ah_4ah/,P322K1N,18V ONE+ HP BRUSHLESS AIRSTRIKE 18GA BRAD NAILER KIT
Youtube,Ryobi,https://www.youtube.com/watch?v=IEFxUGYuPLI,P322K1N,18V ONE+ HP BRUSHLESS AIRSTRIKE 18GA BRAD NAILER KIT
